old,new
/2022/01/06/how-to-be-well-prepared-for-plant-shutdown-this-festive-season-with-erp/,/blog/
/2022/01/06/the-lingering-effects-of-covid-19-on-business-and-how-to-survive-and-thrive-in-2022/,/blog/
/2022/01/06/warehousing-post-pandemic-goes-digital-in-2021/,/blog/
/2022/01/06/we-must-rebuild-now-how-manufacturers-and-engineering-companies-are-using-tech-to-recover/,/blog/
/2022/01/07/business-survival-tips-for-covid-19-and-eskom/,/blog/
/2022/01/07/clean-up-your-business-and-improve-potential-profit-in-2020/,/blog/
/2022/01/07/how-erp-benefits-industry-4-0-in-the-manufacturing-industry/,/2022/01/07/understanding-industry-4-0-and-erp-in-the-manufacturing-industry/
/2022/01/07/set-yourself-up-for-success-in-2021-with-these-changes/,/blog/
/2022/01/07/using-erp-for-20-20-business-vision-for-2020/,/blog/
/2022/01/09/3-guaranteed-ways-to-run-a-leaner-meaner-sme-this-winter/,/blog/
/2022/01/09/business-owner-no-time-to-go-away-this-holiday/,/blog/
/2022/01/09/manufacturers-4-ways-to-survive-the-pre-christmas-chaos/,/2022/01/09/how-your-manufacturing-business-can-survive-the-pre-christmas-chaos/
/2022/01/09/survive-the-pre-christmas-madness/,/2022/01/09/how-your-manufacturing-business-can-survive-the-pre-christmas-chaos/
/2025/11/11/software-features-dont-make-you-profitable-processes-do/,/2025/11/28/software-features-dont-make-you-profitable-better-business-processes-do/
/3-ways-erp-helps-manufacturers-do-more-with-less/,/2022/01/07/3-ways-erp-helps-manufacturers-do-more-with-less/
/accounting-tutorials/,/blog/
/application-privacy-policy/,/popia-policy/
/application-terms-of-use/,/software-policy/
/articles/,/blog/
/articles/page/2/,/blog/
/articles/page/3/,/blog/
/articles/page/4/,/blog/
/articles/page/5/,/blog/
/articles/page/6/,/blog/
/articles/page/7/,/blog/
/author/cadmin/,/blog/
/author/qeadmin/,/blog/
/become-a-referral-partner/,/contact-us/
/bos-er/,/bos-erp/
/bos-overview/,/business-operating-system/
/cloud-hosting/,/pricing/
/contact/,/contact-us/
/erp-for-printing-signage-packaging/,/printing-signage-packaging/
/head-in-the-cloud/,/2022/01/09/head-in-the-cloud-9-compelling-reasons-why-using-the-cloud-for-business-should-be-your-next-move/
/how-erp-and-the-future-of-work-in-south-africas-digital-economy-are-intrinsically-linked/,/2022/01/06/how-erp-and-the-future-of-work-in-south-africas-digital-economy-are-intrinsically-linked/
/sql-tutorials/,/blog/
/templates-and-design/,/blog/
/terms-of-engagement/,/software-policy/
/the-benefits-and-burdens-of-industry-4-0-and-erp-for-manufacturing/,/2022/01/07/the-benefits-and-burdens-of-industry-4-0-and-erp-for-manufacturing/
/understanding-industry-4-0-and-erp-in-the-manufacturing-industry/,/2022/01/07/understanding-industry-4-0-and-erp-in-the-manufacturing-industry/
/vat-types/,/blog/
/website-cookie-policy/,/website-policy/
/website-privacy-policy/,/popia-policy/
/website-terms-of-use/,/website-policy/
/why-cloud-erp-is-your-businesss-vaccine-against-future-disruptions/,/2022/01/06/why-cloud-erp-is-your-businesss-vaccine-against-future-disruptions/
/why-local-erp-is-still-better-for-local-businesses/,/2022/01/07/why-local-erp-is-still-better-for-local-businesses/
/why-modern-erp-is-the-right-fit-for-engineering-companies/,/2022/01/07/why-modern-erp-is-the-right-fit-for-engineering-companies/
/why-smes-are-implementing-erp-solutions-how-to-do-it-yourself/,/2022/01/07/why-smes-are-implementing-erp-solutions-how-to-do-it-yourself/
